ToggleKey: removed	055823fd65571c73abfba1197d1d9f5257bc5ca4917741f29878b735a7ab7aa0
ToggleKey: duplicate before, another value	9f3f3d63374c9d19067a390fdf2db2e79fa3d44d69db13e715433786bd0605ea
ToggleKey: duplicate after, another value	ef02cebc118fed6de6d07ecaa25dfd533397254aa9118f6f3ced2794cb99de24
ToggleKey: valid, then an invalid duplicate	c7e75101ff5677526e2589df310e01936a71579f820e3c66730615b6d15d94a0
ToggleKey: invalid, then a valid duplicate	50d6b12fd9337867ee4cc1091cf660cd9e991cb93b567c1a07122585f7ecbf85
ToggleKey: key case swapped	1eea03fc32eea3a08e7fd3894dd6ac5cc70008567668a8e2b96b739f791c390c
ToggleKey: moved to another section	83793335252af5a56c0e1aeb47c19bb6d7ccba5a9dd6f196993e8973b601a74a
ToggleKey: '; x' appended	8d05cb7488f08f8f073814120ac7cbc1e0782e1e27a9108b6ec75523168da04e
ToggleKey: ';x' appended	4338a766a6c02a26fbe6d1a526d86877da7d6c6615168d81636c4aa02635e559
ToggleKey: ' # x' appended	2e62bafab37292a209bc30b0084ac27c00cf0ecc315ad93391f9fdcefe8adf34
ToggleKey: in double quotes	09f315b72e64a802e47e4442bb4afff64726cefb57aabc3e3f1a14241ab8040f
ToggleKey: in single quotes	fd5e16da6f514969d50c3df2f6c8688d14011f0e60fc5f58fadf21b0910f68f6
ToggleKey: value empty	eac1a2c3cd653b533dd050eaae51b2b2c5f6118c57f58bfee5abe1e434531f51
ToggleKey: value space	c6fb48b9bf971beedc6b62d30671e6758e129cfbc3f7009b6e7878f017a41aa1
ToggleKey: value ""	2121b764a2508a65c50afd0b4ecf28d83745925217a0b29d775b89bab30ea338
ToggleKey: value abc	1d21d895dd819bd0d37066cc630c9d0bbdef9184e134a9d2add9a379faaf76a1
ToggleKey: value nan	a04e975e89e81c4bb5ffeb0c3426f5a90d4623e88a64fbd84ebb6412aeca2e51
ToggleKey: value inf	ea7a70ba37a0b9335ce6385ac6040af1da3b60d188d9ef2426d54d1693d9ac64
ToggleKey: value -inf	cea8cb0727c807c98369a80d223bc1fbb551eb2433a4b3e0b61932b0c861b449
ToggleKey: value 1e400	0ee9904bbd1aa3b33ed8b7f41adf2ba6f75e1f83c7c37952edb440cfeb358ec9
ToggleKey: value 0,15	4ed4713c63446075da604b0905f9d4d5aa6d5b15e160a817ecf0f66fdb883c9a
ToggleKey: value 0x10	9f4e31973b3f5bd3899ac899cdce5a6916664cd3d297abf732911ae2cbbfa2d8
ToggleKey: value 010	f1cf10289d2204be4411ff8520a2314f07d7785170d5c1956a7e4ebc72216bb4
ToggleKey: value -1	ce4ccebc3bdb0abe4cc597fc04d888af6d1d39aa519d3bf7c919213bf74b7bdd
ToggleKey: value +1	fdce0a2c808859044ab7bada35f8dca09e57baef1980c27a0f4e30ca767d1926
ToggleKey: value space then 1	f194bc5d43a760b4460e3030302d704fe684315309979c34294c5fe8f6801f49
ToggleKey: value 1 then space	8d6e6e624d83781cfa8f66e6e4f7b2a4787eac53c61e70b5c33174c9d977de3f
ToggleKey: value 1abc	f1e6079fbf08d889a5d780eddf7ac9dbdfe54acd209e66ecffc866e684d652b5
ToggleKey: value True	67214dafb4e57da313bf631f579e2a00686502859be5ad7d070b4ccb0cf75160
ToggleKey: value TRUE	d37cf5b3c1154af8b8ccfde2bc85d5df49b6a6b471ff332fc1c81b0d3d8a2dc3
ToggleKey: value tRue	ddf23174ed8aa9af54f96bffc70bd598b33b9772da814ef8e4aee9e577933305
ToggleKey: value yes	a315a6e24d52d4cf05598c41987328258d9b1a3d19e779fd3e2208c99a6d1b26
ToggleKey: value on	8763dac0557bfb047e5fb97b8f56630ec5e6c171f39d0074507ce42dedb58509
ToggleKey: value 2	30efbcbae704296fd3f7341ec1b0f2c5647fd701c5b1ad6dc91f2c72b7e40e42
ToggleKey: value 1100 characters	ca1de66ada7375efbdad480c495e71658010edaf620614f02c09598b085428c1
ToggleKey: hotkey 0x230	f243d6dbe805e0773502cd8a9f23120a9ecd5a335e306ee83c626d68b135dc50
ToggleKey: hotkey 0	d1f14a8b06814f9631116bea7237e1ead245c78708a4c376fd8a856c37e8302c
ToggleKey: hotkey End	21abad3fb889c92d6296b3f7a708b8f7f145945aff4c20571cda976de798dc9a
ToggleKey: chord ChordToggle on	fb7c7ba0b601c4c41340b8ea9d3812de9383195d1abd215a5cb69c158b0ae507
ToggleKey: chord ChordToggle off	18e7de56ed091f9be2c539991bac19f8ba2a69c0beaaae32961c3d7add8f74c8
UdpPort: removed	0580cab7b66d028d102ac2530ac38fe32ec041b2995deac4ba46c4538a51190a
UdpPort: duplicate before, another value	30dda9773390e140a985d53b3d1becea2fd81a7777460169ed2d1b6f0d875c86
UdpPort: duplicate after, another value	7276107aa335ee50d96c3306bc6666028efc4e0b191b6ce40906c13a722f4135
UdpPort: valid, then an invalid duplicate	54cb33f10d618262cab2583ecb909c8fd7893a06e634785869f0a9e93ed93c7a
UdpPort: invalid, then a valid duplicate	0df6be48c967a6c8f88aabbe7e30182e22230b813086bdedb1fec96e99300044
UdpPort: key case swapped	346b94d283da107b5193b8b8cb2a43352e1d1c45edeab06d1d84ebce33d17487
UdpPort: moved to another section	f5ad1cb9812d704610ebcbc17c2a2ababf7653222039c6e381cdcdd0c2f39e48
UdpPort: '; x' appended	e3d857b0bc6e7afc2994084d07b2b2a9dc4e0c07b27209891c26ce88e36d7da4
UdpPort: ';x' appended	4d09dd2c141afe84e64cb94d3eb6b35e4c2c5d6d0d44b0516dd9373d1e7e123c
UdpPort: ' # x' appended	4b91f97b5c61ce520a5776128f0626a17a73ee2e33f2e5210479afc23f0ea030
UdpPort: in double quotes	f259ba8e6cca69d2d21c06b08f56bf0c3d16aa907efcd075993dbabb436ba1a5
UdpPort: in single quotes	848afe602fbc0b167935f39f12bd238f61db80277dc8b0918b2bb95d7911bed5
UdpPort: value empty	459f84b58bf22e0ce1742f2a01eae558f92fdd96d0c1ab656e79127d90bff2a6
UdpPort: value space	9de4a2bcf86fb46c10cf561a5ec36371206f1c121dfe00ac1c2bd8ed11dec92f
UdpPort: value ""	cb4ec8ae2c48cca452b439fe57bd24b0882462b837e25fe85f714de0ef9996a5
UdpPort: value abc	65a21acc236d9de31e27720285553fe8d6ce315389e8006477bdc9d46b423845
UdpPort: value nan	8079a2c9be62bf5ddc6fd581ff724da38a80943aef4b1d9341b796d003138ee6
UdpPort: value inf	3f299a6c34b56d0f924ee9c880f84919b880294b175498f7421b3661e527dc04
UdpPort: value -inf	a7279129bc091708bcb34889821276eb933cd7d6b0182968f850d6344dc84d36
UdpPort: value 1e400	e4c674c5ad95c44bf736a6d559106ac4eba3c1fd624b83dc14535772c43e2a10
UdpPort: value 0,15	419cc11257f2fec79bccd53543951430c57b5a66e0a25f90e699e23b6a6ba51d
UdpPort: value 0x10	c68c1b835f7dcf3f52b5970c98be66182f7b96e07eac6e716a83995ed9e870ae
UdpPort: value 010	0ea15a287a9df0d477213efd6e05bad8d5902b060ac9cffb367c443556c1fb5a
UdpPort: value -1	4916a18a28131e408ad8437af6d15ae43d437511d65b8707e881dcd73d074ec5
UdpPort: value +1	e3826db68308c50d5b4eea473723b378f20bd86f44c4a6f7f4a396b0ce60a409
UdpPort: value space then 1	48eb32e7d5eaab96d6cd615d3fa4d5d59021e0b6b3711ebf6657d8f4902ef119
UdpPort: value 1 then space	6f38f5a32629562552e0517deb407ff55070d803270b82c19d862c3ad254f082
UdpPort: value 1abc	91ae052f4c95f6866f9d02a2005eb02e870a9dfc3b883352c5ef3c78932fed54
UdpPort: value True	268bd125ae9c4f8070f8b71ecb8b5ec15df4a59d4418ab3cc1a2ee354cf9beaf
UdpPort: value TRUE	652d3783cfe45ac3f9a3fd7d2f4aeb06617d4589c0331e22721c030b02690a19
UdpPort: value tRue	cf24e53ec2dfce87617922ff26054ab23f911b707f0195f392925baafc66f6cd
UdpPort: value yes	1b3dd3475c04d657dda538a2ed9deb00fec7b902e2f75565a769d67ef423d04c
UdpPort: value on	cbbe27949b9560f48849a18d8f4504ffd1cab0300b07475b19b9ebbade8b3324
UdpPort: value 2	b78be3608408fad5ff0b5f8b7342335d9590ef4855fffa9c310e2a26b807f6a3
UdpPort: value 1100 characters	97ce26584c3ea25b5bad5816a469c722c2a5d4ea0dd5f2b7fdbe4c39ec3bf2cd
UdpPort: out of range 70000	0bea1202c940eaebd2e9c2a68433533733c7e87417353f9d719c2d363423f02d
InvertTrackerZ: removed	b5650318d582013999bf1549e00297e1dfc79151297d55713923597081117369
InvertTrackerZ: duplicate before, another value	49bf8fb9a1146f5653d5ac00a0a54d2fb39f3b4abaad908ca833dae6416fa46e
InvertTrackerZ: duplicate after, another value	49bf8fb9a1146f5653d5ac00a0a54d2fb39f3b4abaad908ca833dae6416fa46e
InvertTrackerZ: valid, then an invalid duplicate	ebe29707c776459e939e763fe6c92e2ead90878c19d21d0e87320505000045fe
InvertTrackerZ: invalid, then a valid duplicate	0115a8edeba2a06a79d2af515cdd95168265ee43d08e09e2bf5cf5ffd97cd571
InvertTrackerZ: key case swapped	ba1f39e5978b1920384aaf21cec77b032fdf5befeb4da37d06ff4693dc9c11c6
InvertTrackerZ: moved to another section	4f474abc028860f639b745d9e11268b6e4c935def3bea1ac4f5f69d550db10eb
InvertTrackerZ: '; x' appended	7a3e55baae1e31e2ab90c538db0ba0758efd88ea598c8fbee4c968e654035261
InvertTrackerZ: ';x' appended	73b2cf277bd68f476f5eea1df045577297859454e1d7e7effa9cb3a49c673c0d
InvertTrackerZ: ' # x' appended	ced4db4b51250c79e135ca7dce19743cfef60b7bc0d58faa2c52f4c3750be227
InvertTrackerZ: in double quotes	20a232617e72a15e1305be6e2801442db2248583cb8842031a4e8b8bda94ace4
InvertTrackerZ: in single quotes	135072441a7975907d4270c3306fe9befdc144d194ea594c0c93f82e528d27f1
InvertTrackerZ: value empty	5c3faab4a3469cce4715d80acf1c2df41262e34d62d1a02ade7c9c610172fd42
InvertTrackerZ: value space	e63e6ac431dc63ebf92c009001eaedcaa1ec0502be7a37108e257f81273cddde
InvertTrackerZ: value ""	8d6e7faa64eaeaa72b98d48d51ea57990e6cff3712e9af2ed7adf4289dc34cdb
InvertTrackerZ: value abc	c8c4a4231a13c02854e369958fc8c2013fae0128e0fbee7ea5066189a76a8cb8
InvertTrackerZ: value nan	49433d965c2183f2f50011828772ff2c72756809026a4f244607b052712693be
InvertTrackerZ: value inf	90789a55fb3af8c785980ae57eb626ff881e7493b908e23afbbad6b9760c2b22
InvertTrackerZ: value -inf	50864adaa543c99a4fa67577ece5d8338db3c0451bbbb9975d8625916e787bec
InvertTrackerZ: value 1e400	a435a784ba5f5a95680e5f4ed22686488df51188248c69d7a14ba826a584e4d8
InvertTrackerZ: value 0,15	1e1a87b1af1da58bfceb6e9868e4aec523e99e64ae7c734d1df75917a2ac1276
InvertTrackerZ: value 0x10	92db2c68ff659504f64fcc966de998481adda5d39c42deeb69941446e40ab031
InvertTrackerZ: value 010	e87e24382f59cf3d3b4edf40d74006c5c2484afc33f4a177818efd1aef632619
InvertTrackerZ: value -1	7bee326c77f372557fb5933a79a3a045c83dd650c10d3579a4d0e38b4fbff347
InvertTrackerZ: value +1	cd7d25e2fab85ea560b0084a5d123e2760076593d43049ee508f5883bddf3b63
InvertTrackerZ: value space then 1	9a034defa68a3b8087ff5964e8d7c4da7149ee70823a05ed6cbadefc85da5d29
InvertTrackerZ: value 1 then space	8bdd7d1e9cb8cbf6b98f20774e2a59c9caa3f23bc6ccd935792dbff6ff302703
InvertTrackerZ: value 1abc	be221ed447f812e657ec8f429c852a194a9c7ce1a209393da9a4fd65008e44b5
InvertTrackerZ: value True	feb54f2d4c37c65742d3cb25b6a9e0975df303323d93a248edbfa675519736a6
InvertTrackerZ: value TRUE	184d6edc964ca6bb5ab12e0e0916427602220028335320158bb3e785340e7f63
InvertTrackerZ: value tRue	f8a273cc66a39ee4ae4247144c207b41f5ce53f82823417d62bba8b3fd305c10
InvertTrackerZ: value yes	b54318299c37442152580f38fe82d27e388fa9d591ae919b69723dff83eb0613
InvertTrackerZ: value on	535196e2a9e8b2e6945d454bb4540621593874e874d065d1156c579831f0e573
InvertTrackerZ: value 2	98a0febeb44d8de17f0832063050108e7754a0556ecd7fb3b2fc84dff8b9ea3d
InvertTrackerZ: value 1100 characters	32603dee298b963640dad3d80ad4641d48abbaf9eab23a407548cf304917fa74
ToggleKey alternate, UdpPort removed	1cfd539af57a1a8cbfc29c27f39dd40a946d0219262420a3b229e9b6ae324b4f
ToggleKey alternate, UdpPort invalid	40eb8fbd0103ac8aa0b29ef2c34a5feff69e8b69cd71822b47769509f68cb6d7
ToggleKey alternate, InvertTrackerZ removed	eb57c6d32e959eb3550af18f17527b37f3f3202d4c62374516de52f18e77c875
ToggleKey alternate, InvertTrackerZ invalid	24e514633c20101d62828b105c11e8b5da301a962714c7464a4cd5a23de7595a
UdpPort alternate, ToggleKey removed	9b8f908b2be1e64fb8706feda8b1582e893cbd96b3555dd7ad163cfcb61bfd3b
UdpPort alternate, ToggleKey invalid	dc92fa655a52e572ea57d81ed21eab224dc3fb9c50927716dc35f4b509da5117
UdpPort alternate, InvertTrackerZ removed	843c6a7739328cd806541ed6f745f6d0af0637f691a337a8f0fa0e2c995f5e5b
UdpPort alternate, InvertTrackerZ invalid	1070ab4af4e20b0748a092d2750e7c924579facfd03efeda1f57314a878b0d3f
InvertTrackerZ alternate, ToggleKey removed	055823fd65571c73abfba1197d1d9f5257bc5ca4917741f29878b735a7ab7aa0
InvertTrackerZ alternate, ToggleKey invalid	1d21d895dd819bd0d37066cc630c9d0bbdef9184e134a9d2add9a379faaf76a1
InvertTrackerZ alternate, UdpPort removed	0580cab7b66d028d102ac2530ac38fe32ec041b2995deac4ba46c4538a51190a
InvertTrackerZ alternate, UdpPort invalid	65a21acc236d9de31e27720285553fe8d6ce315389e8006477bdc9d46b423845
file: UTF-8 mark before a comment	6ad6ecc172e4a1a87e09e324cfc93ac6956d62019c67ce3cc4750a0af4046636
file: CRLF	21abad3fb889c92d6296b3f7a708b8f7f145945aff4c20571cda976de798dc9a
file: LF	7814e34183c5e8b60490e30f30b8c8ceb8783340719b073deac7355287e44d7c
file: lone CR	847c07f23e101111d7717a2256d1fc4a85739824846f42ba04a4b91ea2a0d8b2
file: mixed line endings	f44e6832a81826438237a22428da962292b93a9e288a8a464247c258a5cb47ad
file: no final newline	826c4034d896e33ac70c07b479769def9173d86dc92961fa8a7816f22f5a2fe9
file: CRLF, a 199-character line	0fa8b6bcb6624ea568f4f50c0fa90048020401a416611d3bd4aa797a71d69286
file: CRLF, a 200-character line	26eeac17cb0aed917e92597a80ea615b7f58d85b43a1977cf799be402f7ece0a
file: CRLF, a 254-character line	de0e3ac26891e9366fd671affa8ce4910770c7364be47b61ee863e9c0a75ac6d
file: CRLF, a 255-character line	4363d25d03a5f0f634daab72525df78c8e399f6426f6d193ccc57b93198e07e2
file: 0x1A byte	d26748f6a9601e02eccdd6a333ee15ff2509ddb3e3ce4c836fd1d0785e0a0c54
file: NUL byte	adeda70ed9ddd8cfe2d7c5acaec1c5ee5775b60a4edea755fa5959542e27c2e6
file: trailing NUL padding	b57876131a794e352960ca85983f6065795741916c42780885ee88930a91ce26
file: tab separators	250ed228e7f6c8ee09c01d1e9c160b9236c989aef2169d8d004553740a3b3d8c
file: #Key= lines	2fce183c0c673310ef902ca27d22bc54f34ae7466f791b10af978c73b3d713c7
file: ;Key= lines	028fe9c0e0c50c8ab899db58c307e31a69ec27520b55505a56a2c48318675474
file: indented continuation lines	d7e08089020bdda0034c2470eddde35285e9119ef8b61ab57cb55ff1f92b6b00
file: UTF-16 LE with a mark	63a8dfa4ad9996a3a591d08814319b9279a289d5164f3f1811635897508d08b6
file: cp1252 byte in a comment	2687a3d0e89bf1166c00ce962bee77fc00212482f189fdb10d8b4df76fa50e6c
file: cp1252 byte in a value	3ddecd5614c97f27b4c911eed001211b63431eb29c7c8ac9ac39e8e94087f4cd
