# Values the codec or the schema range refuses: each keeps the built-in, with one line naming it.
# RemoteSmoothing=0.25 is read. The built-ins are core's global table's values: CollisionEnabled's is
# its canonical_default, true, not the flat readers' false. CollisionMargin and CollisionChannel are
# not global, so their lines are not read at all and draw nothing.
value	UdpPort	refused	4	Network	UdpPort	0	expected a whole number from 1 to 65535
value	EnableOnStartup	refused	6	General	EnableOnStartup	maybe	expected true or false
value	LocalSmoothing	refused	9	Smoothing	LocalSmoothing	1.5	expected a number from 0.0 to 1.0
value	RemoteSmoothing	accepted	10	0.25
value	DataFreshnessMs	refused	7	General	DataFreshnessMs	0	expected a whole number from 1 to 2147483647
value	PositionLimitX	refused	12	Position	PositionLimitX	0.5 ; note	expected a number from 0.0 to 10.0
value	CollisionEnabled	refused	13	Position	CollisionEnabled	sometimes	expected true or false
value	LightMultiplier	refused	17	Light	LightMultiplier	6	expected a number from 0.0 to 5.0
line	UdpPort	Defaults.ini: line 4: [Network] UdpPort=0 is not read (expected a whole number from 1 to 65535), so the built-in 4242 is used.
line	EnableOnStartup	Defaults.ini: line 6: [General] EnableOnStartup=maybe is not read (expected true or false), so the built-in true is used.
line	LocalSmoothing	Defaults.ini: line 9: [Smoothing] LocalSmoothing=1.5 is not read (expected a number from 0.0 to 1.0), so the built-in 0.0 is used.
line	DataFreshnessMs	Defaults.ini: line 7: [General] DataFreshnessMs=0 is not read (expected a whole number from 1 to 2147483647), so the built-in 500 is used.
line	PositionLimitX	Defaults.ini: line 12: [Position] PositionLimitX=0.5 ; note is not read (expected a number from 0.0 to 10.0), so the built-in 0.3 is used.
line	CollisionEnabled	Defaults.ini: line 13: [Position] CollisionEnabled=sometimes is not read (expected true or false), so the built-in true is used.
line	LightMultiplier	Defaults.ini: line 17: [Light] LightMultiplier=6 is not read (expected a number from 0.0 to 5.0), so the built-in 1.5 is used.
