[General] ToggleKey: removed	6a630641bfa7673a219ec2507f5bf54ac4d44abe7a83b330398c8e94cf964ba2
[General] ToggleKey: duplicate before, another value	fb4fc7c32047cd79686553e9cc25712b81f0613b35506ab67c0647a527ec5dca
[General] ToggleKey: duplicate after, another value	d7a72223a754b64d3c43571e9e76f46911c5800d837e015f8bf81cf8668c286a
[General] ToggleKey: valid, then an invalid duplicate	7988cdccf706ab53d233d8fa09a81f8080ed422ea810a05cacde1383e6233903
[General] ToggleKey: invalid, then a valid duplicate	bcb438511452ae0b7499b1460d143ebd2ea001408a0877aab8017b6852e56e9d
[General] ToggleKey: key case swapped	f4b5de3519b5f9f30f5870c650994ca5c0725a5be5877b18a4d6276576811e5c
[General] ToggleKey: section case swapped	8452b2589396a6df55db598a4e13d519d0d6a5b51b072ec0365b55b84eda390e
[General] ToggleKey: moved to another section	66430327ea9622dbcc4586907a4d1022e0f641dd38dab1c342966950e71f3636
[General] ToggleKey: before the first header	e39fb1a3b2c84aa32d03c56cb667530e3c7c81f5c26aff9c0894e9f8ad0e7e37
[General] ToggleKey: '; x' appended	dfc3f3ebf1f444d327d3db6baae7493c79e9f55faf6cb6b96e9b31ab505b6442
[General] ToggleKey: ';x' appended	f6956f69a9f1b106d961e85b8b2c5c9942d3360f2bd9ec619fdd26662bef6b68
[General] ToggleKey: ' # x' appended	99d69d805632da6c3eb8486def975a82d7534f956c0f28500cbc3158f18bfaee
[General] ToggleKey: in double quotes	a4073fdd71cc7a82c3f3fbc9e4c2dd0fbd5682808cb39726066c78bc57e8ac1b
[General] ToggleKey: in single quotes	771489a03230e0dd3a4248ee8e9c449027c0d156c28800598fa97748697b8195
[General] ToggleKey: value empty	d6e38197f051aeed85ddee9857aa15164c38036a4315138dff95d27a97b2fc1a
[General] ToggleKey: value space	b71e56589730ed9179c8ef0720b0a5e97197837096696d3a858f800ba65bfb8e
[General] ToggleKey: value ""	56adc06c18721b670f23e148584cad62ea91a0569b7a546bf233fcc23bdca90d
[General] ToggleKey: value abc	035c4ecdf545bb58219d8fb51cde84043272239c36d1483223951209a3f09d52
[General] ToggleKey: value nan	a17cb93ef49ca7eca9bfb0f3b428da67b3696a1857ffcede54ec81323fa90b59
[General] ToggleKey: value inf	e61711debe5f26f127e06b595f65feb268228766d498e6221e6ef8ce1e482389
[General] ToggleKey: value -inf	1ced9bfb16380f07cd0bf3504d251c2b3eac7b75db67cd200f85596c0f5e3bf4
[General] ToggleKey: value 1e400	f7c4a8ba7fec9754d5f441bae21c6429afbf47743a21773c6396f3879475f82d
[General] ToggleKey: value 0,15	3a8c4a1178800d016e769d6fcbb0095ada2a277c4428554b3e03734050e69d98
[General] ToggleKey: value 0x10	00c5c4f2ecb2914d27a2cad9c7b3d65616ce2cdbdff251f4add61e4fa1d535f6
[General] ToggleKey: value 010	d59fdcf783e2dd2f8187de2dfa49a73ecf61d3c39f3d33b36f6cb6c9800878de
[General] ToggleKey: value -1	dae600186fe9f1f790dc11fad53bd20b5302d67b4a429bff9f3d3e47063f7833
[General] ToggleKey: value +1	db5cecdbf83c5eab9ffffa200a85562de9526df70cdc02525ce8384af26d2792
[General] ToggleKey: value space then 1	dc39f5e597b034589ba338b10edae63fe3598b48a168c269730d0a2068eba84f
[General] ToggleKey: value 1 then space	1c3458e6e13e1e443d62175bfc6210673d272ad619edfe95ec788fd761514550
[General] ToggleKey: value 1abc	814e3e5c7f615d8a528b9d1b4f3622971f05881009ccf960bc50b92994f0b5eb
[General] ToggleKey: value True	859df515e93faf5162cf1177af9045a79f608d051ca484e5fe863f1ae719d9ad
[General] ToggleKey: value TRUE	d8bca29095cacbc3e9a3cbd6ca5d069001c4d2f731ff181b74130dfbe827c02e
[General] ToggleKey: value tRue	dcf29637afedd7ec11c0455183219b50b6af35e340f95f98fc551dd6321bc0cb
[General] ToggleKey: value yes	956c6c9fefbb836e291f713c801f11271fb1c61ae9edeefc666a69b118b48dfe
[General] ToggleKey: value on	6c9b511f77b6f21fb49ae20e09ffac5db95e3f9b3e2984a78ada0b89e33ef97f
[General] ToggleKey: value 2	cee6a96535ac71f5f41d603de47e955ac12dd3b5aadc003a42e5a930ca9640de
[General] ToggleKey: value 1100 characters	bd692e5e14dcc05a527d007dc2122d37c3b71fcfb2d3340aef7b093941887ddf
[General] ToggleKey: hotkey 0x230	ba38567d6ed5c076f4885c4b482b73e0c9b53431e6ac0b28330d510f78a4975c
[General] ToggleKey: hotkey 0	cd51ccf3009b7b0a45190c792d5cee5bf3652c8a4d4a1a1e42b0909811f4684b
[General] ToggleKey: hotkey End	708988ae4fd722edbaeeaeea8ea8356afa2e6b23d6307a0d29e83d87c7e6cc16
[General] ToggleKey: chord [General] ChordToggle on	4b6adabb31fee679d098b147236b9d3ce282742ebbd69190d3261622829084c3
[General] ToggleKey: chord [General] ChordToggle off	6d3cbcd500d2877ab6a31b7d8dea42d61c52542df54bcedf285138c40a04f867
[General] EnableOnStartup: removed	ea0f2df80c38ed1f26a4caea0282959fe8ba5f9fcfebf934f0838ceaeecf0a9e
[General] EnableOnStartup: duplicate before, another value	d408a0940452a592fa60daac7391644c3a8ddbba8cfaa0972f370a1b034073b3
[General] EnableOnStartup: duplicate after, another value	11a41f139e353eae34fffccbb0e779197d825e0ab11ad794f897d90e0c7e571d
[General] EnableOnStartup: valid, then an invalid duplicate	70082838299e296e362ead5571b22f1d5fcfa746e0f371ed9ccdfcec6ab6d1ce
[General] EnableOnStartup: invalid, then a valid duplicate	62dfa302f803fc32b3610d9d04c2c8d9329c4580c82994e89eeaba6dab3723a0
[General] EnableOnStartup: key case swapped	c522a45b1d053f002bb3fa000a4ac109f1f34e20ec24765f67a7705771b6a594
[General] EnableOnStartup: section case swapped	8452b2589396a6df55db598a4e13d519d0d6a5b51b072ec0365b55b84eda390e
[General] EnableOnStartup: moved to another section	5ba9a886373bb5bf84056976ee84de98423bc0595ca2ea2c91c991cac7fcb009
[General] EnableOnStartup: before the first header	c6fa07d4895c8b9877ac6663492a00e59d0380b882b19bfebedc0b3c858c380e
[General] EnableOnStartup: '; x' appended	69aba4d9bb898fd2ff69d711906da9097b8024736b6481ded1c02490386cc893
[General] EnableOnStartup: ';x' appended	31dc10b45b80b7f97f028fec3967ccb608fa13d0fd47123f75b18153a4521c80
[General] EnableOnStartup: ' # x' appended	702c0723dc072e3e4c9b6cacdf3a77376884ce77d79ec3e604cb5baf1d347fdf
[General] EnableOnStartup: in double quotes	5696ff4c91b661794175daa1232f9c40654a7918527a229d12f8189dbe675057
[General] EnableOnStartup: in single quotes	ed02025729ad83f3a68d48f8a4f0e580f80f503978d5716eceff28e9103acff2
[General] EnableOnStartup: value empty	33fa766b5d9000976179cb04c2665baeb2ceca81ff0c07a3240c148b3ad92774
[General] EnableOnStartup: value space	e2182c9ad5560c7c070f1b5444e6b0bcfbd6c2184a548cabebd88a69f12182b7
[General] EnableOnStartup: value ""	0445d407ea3526ba26e9291f8fc34b66c8f8aa2cfdcc730d66b08d6b2eee2670
[General] EnableOnStartup: value abc	d8126197ccbeb4b99ca61ecea4a4863ef430096624c9eb1d742834d6971bf665
[General] EnableOnStartup: value nan	57208f04eb1ed2907582c66b71f3b943fbb4b459b8d42741ed1c03787d63719d
[General] EnableOnStartup: value inf	46b546d0374f65e646b729b366d36ef32c33fc04d4feb0beeb8959322d33cf4e
[General] EnableOnStartup: value -inf	894bdea189ee2e4aaefce1d4d2c0a2faaae98edeafda2611c76ab7ca4baff2cd
[General] EnableOnStartup: value 1e400	eb0d56e61a337b76ed0e6577b448999fb542c21e31107f08ea75fc27b7e43d77
[General] EnableOnStartup: value 0,15	f3db91f3624201edf31b77ffe44208b810aea29aa8ab624708290d1c30b91f10
[General] EnableOnStartup: value 0x10	d0fb169d9d9e2c34f3435fb32f59a21dd16d1fa72828168fe2e3bb4a30bbd619
[General] EnableOnStartup: value 010	c847244783aa58e1516ec87d01d0554b61e663659a2dceb7abf42f5c494f4532
[General] EnableOnStartup: value -1	3c702d067284da26ba8c696680e03c49b62f5de3dd480139d16b41311379dab7
[General] EnableOnStartup: value +1	1f4ff52a8b2aac1355aaa69b9e5aa0f355bb1573fa8d05b3872522e537dc3859
[General] EnableOnStartup: value space then 1	c70bccf8c52c89c4ebaea06bb6d9d72b1774b2dff86e7873d9952f6a7fa967fe
[General] EnableOnStartup: value 1 then space	4387dc48c76d7a53cf1d4f428fb4ccb3d88222d8333d9fc56a04f334535e423a
[General] EnableOnStartup: value 1abc	b9326cfc024cd91c0174f46bcccf4dbc07c4d43c524b6627a1f1ff966fb4bc86
[General] EnableOnStartup: value True	4b44cd7a408e77758aab9bd4883e079428c19bade2b1a047d84085aef345fad6
[General] EnableOnStartup: value TRUE	222ddcaff4b11896915e0f0d2b47acd1285b9473e7680aa6ab12ce494c2fa003
[General] EnableOnStartup: value tRue	70bff5804482bbc5885c80b416aa3680ced20f5aac23ce4899e21238b09242e9
[General] EnableOnStartup: value yes	78b52efe1d3b96a35b06c3c337ca8b74c5cba3097824662437e17f2346a8e32c
[General] EnableOnStartup: value on	434767805b3b507443c44b9735d394c7250b99b9f9f51909448df594f04419ef
[General] EnableOnStartup: value 2	0e1cd010f0cb9095d9a6bfe616c18d31064831e85f0e0274008044a94ea72dd0
[General] EnableOnStartup: value 1100 characters	1d95b073f1095609da4b2f9be4d1b6bc8e38686a429774bf901c49e0eee9c29e
[Smoothing] RemoteSmoothing: removed	553e574e8af3394fa5698dcf8a3b6581845a339b960eec70cef2175be8b1423e
[Smoothing] RemoteSmoothing: duplicate before, another value	be4a379a530155c01faeda82e9a9e358a6338c8703e50868a898e31db7512415
[Smoothing] RemoteSmoothing: duplicate after, another value	ab4ea26c806e612f7399e33dac5348debe2c00c08813c9e157b0613e534d9d5d
[Smoothing] RemoteSmoothing: valid, then an invalid duplicate	0b1621eea802d10ab1cf8f69b2a9bb285129a2b056b40826929002594c11594a
[Smoothing] RemoteSmoothing: invalid, then a valid duplicate	15b9a53436f8bde5995b6bf2bfaa6a5541c4a76612f30a60dbeec765fe89419d
[Smoothing] RemoteSmoothing: key case swapped	576762e68a59560b4106059da0626464ed58c1818b7d9e35cca411fe7a9eb975
[Smoothing] RemoteSmoothing: section case swapped	fb14f6dbc0fc02e9ff7e332ffa919f3297148451404ea57b91eae06c07e45827
[Smoothing] RemoteSmoothing: moved to another section	c17ca86ea7ba395e2d749a1221b140811036db3a33f5b2ce31069ec2cb99273b
[Smoothing] RemoteSmoothing: before the first header	3af87dbf0f7aa3c9c1f1f611c1a2c6e6f435340c9da4ece235f38075b54daa83
[Smoothing] RemoteSmoothing: '; x' appended	17f4307b9f1000c6b2bbc5a32711d8923d31b9aa4ea52e29d97c55b801b50461
[Smoothing] RemoteSmoothing: ';x' appended	4a4b8f939de644ec3eaaf873d2e191b0ca25e0d237647412bec04fbf0122ac71
[Smoothing] RemoteSmoothing: ' # x' appended	b959850979110603652e628f9fc7e695562eebf2e151581fcb67f96bd8cf16ed
[Smoothing] RemoteSmoothing: in double quotes	d3571acee2150f5f6e8f8d106f42ec335b5a2165b9ec29d3afc1cd28ca1cbce8
[Smoothing] RemoteSmoothing: in single quotes	76f48c0747e1ca1b5bfcb75a1273abf6bad54fe02582b69d85e6878cd272248b
[Smoothing] RemoteSmoothing: value empty	41cc983119c627fa613e3bb3b56cfa6e5b07a63d38d4cfdf368cbf35b13346f6
[Smoothing] RemoteSmoothing: value space	2f87450ca00846c96c4ec3e93b97a9ee01d17d58c5797e12d74d33f8b5dbf56e
[Smoothing] RemoteSmoothing: value ""	4b5c95cd0ccc654f7a462b420fc553ae7acae4b1a13027d6385dd582babee5ec
[Smoothing] RemoteSmoothing: value abc	24779188651ec08c717d672592b5f777b3cc008ce55ff8bd460637dabaf442f2
[Smoothing] RemoteSmoothing: value nan	5765546af97d20d8c8af694677335de1c3490c94c191a9a80a55159eabe703c7
[Smoothing] RemoteSmoothing: value inf	96964b40d7b377ab97f4f1af9ff55241ba7a66e3bdf79355300f594d179d8c2d
[Smoothing] RemoteSmoothing: value -inf	fcb425f486c3bd3df13a81ebc78b7d3cf4e53ea7f0a6e00d705cc617665fc8e6
[Smoothing] RemoteSmoothing: value 1e400	71b51e35d8b1c8b2e098b2b4ad339b5553f70048a76cd66ce6eb6470cd1d72cd
[Smoothing] RemoteSmoothing: value 0,15	73591bf280b3c377630182e84546a58df4cf148c5bfecaa310d8adfb3ea82cc7
[Smoothing] RemoteSmoothing: value 0x10	850e91fa33679ff508af844ed1131e71b472207222a7f60ba14a34ec0703fb47
[Smoothing] RemoteSmoothing: value 010	2f24c90ec07075f15f98d40bbe22b116b5f77ee83bc20d7b80d9fe4d5e88c5a0
[Smoothing] RemoteSmoothing: value -1	97733f482898b8863a32ee863b2d8ee55968aa3837575196f65dc3244dcd6e8a
[Smoothing] RemoteSmoothing: value +1	e74e6a114fc6ba4f2603a83e49cc196dfb25971e460fecef1914126194761da3
[Smoothing] RemoteSmoothing: value space then 1	bccd5f099262be0db22a0c1b47d40e3acaa79456cb7aad100426b96d8af4e30d
[Smoothing] RemoteSmoothing: value 1 then space	6fbccfffe101e211fe3c15fef089255050b2fbac3d2779723c6fd0998eb4a74d
[Smoothing] RemoteSmoothing: value 1abc	fd080625643f47418485497c92de22a1fb3ff54683d89dd157dd371573029b06
[Smoothing] RemoteSmoothing: value True	0a4e1bc356ea0bcb984b988ca49fa3fe85c1c366bcd93343a6f651ac46f48062
[Smoothing] RemoteSmoothing: value TRUE	8b83a265c81450cf4cef7b77a9ed0936e70dfc9f3aab65b960d2f182ab53bce5
[Smoothing] RemoteSmoothing: value tRue	1287f95020cd4717adfd8abe43e124e0d2996a79bbb9d319b5e8ba89762cdef7
[Smoothing] RemoteSmoothing: value yes	1895aa22ce7c529621ce4c38848dd503ee88e41762a5afd5f6827e93a15d7950
[Smoothing] RemoteSmoothing: value on	52a9af9fed07f4eed70613a304a89539a0e94fb1cbc5057980a139fe50373a38
[Smoothing] RemoteSmoothing: value 2	7e7a3722121f7de2bcd951ba5d0c02351d8f9d69779ea784b788594c2706236c
[Smoothing] RemoteSmoothing: value 1100 characters	2c7347fcc6df8a75f9c64d65524aef9a58b324e39ac9afd0e875f865dd49fd6f
[Smoothing] RemoteSmoothing: out of range 1.5	3afa389e53b020b8e2eadc9c1cd6a6728dc6f2088dc4b5b92950d07fba8ee98f
[Smoothing] RemoteSmoothing: out of range -0.1	a0c0581a1fdb20cd7dbab84eeff64f49113d5ccdd2c6fa7edf3ae1b73f5aee45
[Position] LimitY: removed	9e8268ee0cf4d6412fd30a5ab189fedfc6c0feaf4a9d055b58f0aea930a7e672
[Position] LimitY: duplicate before, another value	8064190dc9e77745b200c337dbbaa09a328798c7b64a830d16dc023cdfa7c077
[Position] LimitY: duplicate after, another value	d9e6f218d3496998eff22eb822ba760f13c4dbf82f6d823dc5b175a14aaf7080
[Position] LimitY: valid, then an invalid duplicate	b0d36c9497b33d0f85eb3866a27f4d609ff4773e49e3501c62a4da81137682a7
[Position] LimitY: invalid, then a valid duplicate	1b3ebf59a4fbb1fc3333b8f93089c7021a26bd1dabad36f23faf4d31bddce281
[Position] LimitY: key case swapped	4c2e98590c20f27f5d1ac6bf9ac0400d8a5725745974f51d2f55c95daa79061d
[Position] LimitY: section case swapped	5897e49d4235cd60df0b2f308d72489e05ce6164b285b6a85f7b3f8909f122ec
[Position] LimitY: moved to another section	ca34b7070bd3579558738e0de8c7bbcb1c647085e04f33e257aa433440418787
[Position] LimitY: before the first header	29e234180145dc705cf2e63ee8b49870f9bb017a76b08a3d46c1e2f66b57a8b1
[Position] LimitY: '; x' appended	656706c5cf0ca1c33984338f641339beff92b90fc204c93e50fc824dbf6133e0
[Position] LimitY: ';x' appended	c2d253fa4114e6829f1acd473859e167686fdc7259a65535ba4b3a42baaf2ce3
[Position] LimitY: ' # x' appended	b53cc0eb96affa525592251506110b33421e78d015fa4bce80b6c788bd74861d
[Position] LimitY: in double quotes	536515c3593784d097308b73e42d7643c8813650f020650fd5704fa6b3bc2ae0
[Position] LimitY: in single quotes	78924f61665b6a609cefb56ce2a792b7f5a68111a3a5cd7da1924ec4d3ef7d3f
[Position] LimitY: value empty	c5e6689ccbf726a5898b69b2542c57b8456e48defde75766cb398838e9707dda
[Position] LimitY: value space	867dcdc661575df44e481a07be3da58c2fabef3af2a776a30507a9269d5c5a68
[Position] LimitY: value ""	a24b75b66adf216190b6201d478f7f2192e093c22c75b47a4a16b3788b86cc2b
[Position] LimitY: value abc	f7289aafc0435bed47be9b41660d7543d94ebf97d43b788a70857efc834ef92d
[Position] LimitY: value nan	fc3dcabb8dfd2ecee3aff271ce1a4d942b81c7fd645135cf215c0847d08e5f10
[Position] LimitY: value inf	5583708ea1b877078b92650026c22d886ddda88b23fae54add18e0b74f764228
[Position] LimitY: value -inf	a7b433b4708fa8d19b31f4e5f1d5275f9dd5ac892b25defbf66bbf249b477f2c
[Position] LimitY: value 1e400	26585902696c262857fdf7af822377a69339676f5e8a288ce4729cff07669d07
[Position] LimitY: value 0,15	1435c9cb4debd3c27cfd9ab912b8525e1fca5c8c2fdfbb491c7bf7c147c907f8
[Position] LimitY: value 0x10	53066dd2e1ae42dd1a6ee58575a58053b36a21062713c2407192b2fa9f70809a
[Position] LimitY: value 010	56da2d52b0c1a3595a608667d76c5e75d289d0acc7049a392e990d28307078a6
[Position] LimitY: value -1	c45df9d76605f43330430a7990adc375eb266520b6b47edb2bbe117126685046
[Position] LimitY: value +1	1ed0692a3c649eded549832f80eb7b01f2b7aeb2b8fac1d727481adf3661f85b
[Position] LimitY: value space then 1	02c4c3daaccb79fb586cc49280878f7564c90e2b3fe1f28fa4b74d1ad4ad8dae
[Position] LimitY: value 1 then space	9da60b3fc102ecf752f6ab771e4239b76b305365a032bd08beebbb6de0b7f39a
[Position] LimitY: value 1abc	6f461300b00faf9bf8e9bfd6b750cbb4834aacfc18d60d29705290087f191271
[Position] LimitY: value True	89c7f105055049d1d6056ab2782c1b4d9ba48d68a1376979615ad6739e30ede8
[Position] LimitY: value TRUE	ea2604f421f9f57e93e7b55c2f1bee388285653be5595d211aaf7e63f09a0ccf
[Position] LimitY: value tRue	e643a4563ca03c78a4a1372d9a3696e2770376322cf4e201f50dd1b23779f297
[Position] LimitY: value yes	e2b1294c6ef3833455e49f2502ef96728b8ddec81343781df0ba57bbab4b7863
[Position] LimitY: value on	db61f9b26cccb59982fc477f299c95ae3416e7ed94bb07182adc6dfe6249143d
[Position] LimitY: value 2	0e00bc7dbcd8b743236a9f1fccacc2390fc72e51f912c92e01419297a837d8b0
[Position] LimitY: value 1100 characters	753d4e03a413b3ce658cb2783fa996cb3d695b8d23711ce3eab2a2fd9a4f0971
[Position] LimitY: out of range 11	6eb381a8c383c27396c95526eeb1e059709959658db81ed00fadb541369e12c7
[Position] LimitYDown: removed	b8029e7fe924958d7757555f9251cda853cc6c32db09f362c145f2977a8479c1
[Position] LimitYDown: duplicate before, another value	1ff7c6ed507bbf217c40c0eb48b679845203528d89818a71d806c4133febb363
[Position] LimitYDown: duplicate after, another value	1ff7c6ed507bbf217c40c0eb48b679845203528d89818a71d806c4133febb363
[Position] LimitYDown: valid, then an invalid duplicate	dbba2ad9654759595ff05bdecebf00806d1397e212c9821471445b817b9fb708
[Position] LimitYDown: invalid, then a valid duplicate	3a420334afefe5a4bfe24a26790930197b4520c2f54f8e1032eaf8c3e8ad5cdd
[Position] LimitYDown: key case swapped	2e75bd1bed67eaee2a4a4e8d1558c32547c4d952916030b26a292d22515be18d
[Position] LimitYDown: section case swapped	5897e49d4235cd60df0b2f308d72489e05ce6164b285b6a85f7b3f8909f122ec
[Position] LimitYDown: moved to another section	eae306c4dd81e8f4946013a0c416a7bb9d570196a8faffd6b5bd965c710dcac0
[Position] LimitYDown: before the first header	1d1d3f18c3ad12fcdf78fdf22a86fa8ac36759a6eb6089a89e093c533eeb0c45
[Position] LimitYDown: '; x' appended	29c3a9da780137817abc9372719ee549e4b6b038141db6ce906bb0b868dceb51
[Position] LimitYDown: ';x' appended	559f6669e11878069ca7ca4b77d8bdeedc332293301e6c569503d5fe5360f14b
[Position] LimitYDown: ' # x' appended	cbf8a8c15dc8d3788d8d20bf19cf00cdcf5aeeaad0d896af0a53cbe5d4089a86
[Position] LimitYDown: in double quotes	1b05591e825ac0d7893b024b698c68f1f52b920f4bcdb34940260f1cab453159
[Position] LimitYDown: in single quotes	547058c7a1e9878ad572c51bc0e4e207a0f46301dbdcb1ffeb640690dae29660
[Position] LimitYDown: value empty	50943db47e1276500ad220ad6d52c1c26b76c6a60ba66b35c27132bccd89850d
[Position] LimitYDown: value space	ba7e6d2645377d504d06e71e9f2a4f1bf1759acee1bafc29b58c9078eea733a9
[Position] LimitYDown: value ""	b802942d42e773b2fcf3f5551197b29c9c6c54bb75a129854d2a3d961dbbb167
[Position] LimitYDown: value abc	d44a6429d749b286e646a4f941c6e46e774b7317295026e03583aee928c4d393
[Position] LimitYDown: value nan	ac358ff5055ff95663f6f0d34c9ba117dc188a27083edf019dcba1fff0a684d7
[Position] LimitYDown: value inf	356c59e644a641d82181010830bb9770bd078118c30b5bd905737b16b0ee5303
[Position] LimitYDown: value -inf	a4101cb095f9d075cb23907005bf435a14cd973b2ea6f3274d225f9bd2933c7c
[Position] LimitYDown: value 1e400	db1ca5837c504acfacd44c219ff4178f20d5405ac9562b8fddfd7aa26dbf6dd2
[Position] LimitYDown: value 0,15	eee90b8ebf847b32655941f22d7df8ff11b835d4f7b75b2ea509e468bd9c64b8
[Position] LimitYDown: value 0x10	db7770cd89a5d540657818e73b641b3a941d6a0cf093be9513f81b423864855f
[Position] LimitYDown: value 010	912b1da8bfb5fcc4e2885c698cfd8affe36a1bddc11b0a82ee675ea3a3b869a3
[Position] LimitYDown: value -1	2bd489bdc3ded6eb88f41da1a711db52902dd4ee3174519377c0c014bd63598a
[Position] LimitYDown: value +1	e3616d0b1cb81abf03e8537a6013e468d5490f1286d993528ea339bf77dd5cae
[Position] LimitYDown: value space then 1	dc6e64afc9ec287a37427466a4cfb188f0849776609617fb486b48ccdbc3690d
[Position] LimitYDown: value 1 then space	67b7e7b9802262e1c2b6ad8ab7a14f7f18e4025b1f61a82b94c917de89c4ca85
[Position] LimitYDown: value 1abc	1b3a281a2293f2b671ad9bf0afa28d2898ed8f039e0e9bf1d0c8e5a1c2f159b3
[Position] LimitYDown: value True	6c546f215c3f5735484aed2c839c3c6acde655d5de6248a364ab099e3836816f
[Position] LimitYDown: value TRUE	102a2b3d773543d355b8e2e13688c0e1ce04a602f044048b890439dd32f6dc85
[Position] LimitYDown: value tRue	b3ed6a442a1962615a9a4a3a82c26bb1e238ffae8cbb20fa1b0288f09d0dc70c
[Position] LimitYDown: value yes	38a89d8e8f2b79b457bdb17a326d11f35bec82100eeb4fb6cfaa513899c8fc35
[Position] LimitYDown: value on	e17f61f22f47d30b367b55e28d34d59a3414b7f18cf3b852d6244ab09fff468b
[Position] LimitYDown: value 2	8a61a16c6364f0103341da002f457f0f57b01464430f7f2ea1572d8cf5bff027
[Position] LimitYDown: value 1100 characters	376997c287f00c7bfbaf7f11397f87aba746bf45deda2819c6a19e94d585ef64
[Position] LimitYDown: out of range -0.5	50fb5858b42daccecc3e77b25c1c23beb0bb1cc417f7ccd7d83b0f6c13b6fc44
[Logging] LogPath: removed	d8ea1787256ce6cee47b09d8142214008663c5fff8eac9b4cc2e73fcb092a013
[Logging] LogPath: duplicate before, another value	0fec49c2373d26fd1135e7e1e500cfa942e68e665ca90cf1b246558846f04f66
[Logging] LogPath: duplicate after, another value	0fec49c2373d26fd1135e7e1e500cfa942e68e665ca90cf1b246558846f04f66
[Logging] LogPath: valid, then an invalid duplicate	c9142d60cdabe73140ccaf171ca27f6f46e46d0d4b9c3f64134f34bbde082893
[Logging] LogPath: invalid, then a valid duplicate	1df2a6d0a535f62204386696228074cc5ce97996430846bf3005566e2df49324
[Logging] LogPath: key case swapped	339b35e4a45756ba2ada1db26e30d444ce989859331bac331b916c1b04415b67
[Logging] LogPath: section case swapped	51badad470d079b096a00e3afb5bf6b54dfa6121ad109209df8e6cf20b2be788
[Logging] LogPath: moved to another section	48475f3dd18eb7102b5f24ec92c91f800022643db8fd8c54aed58f656da9aab7
[Logging] LogPath: before the first header	4480e03c73696d1e76791c319f892667656c4208d3235f17cf3c5ccbb3f8ff9b
[Logging] LogPath: '; x' appended	70df8d3527ca778df365ba0235cf6209263e983fd6880954f0e6e9db26966694
[Logging] LogPath: ';x' appended	fedd1ae231651939f5d50a405702f38fe93314f29f78d9d44404554ba465416b
[Logging] LogPath: ' # x' appended	8246df575684eb1b7fa687017e24e9a75f4938ce2533f6d6dbdcd1bc32c06517
[Logging] LogPath: in double quotes	fe50cd6287aa9f0f92ec732b6b3728e0e2ebe181cdc8a92981d69e4eea05d0cc
[Logging] LogPath: in single quotes	8a6ca5dd4e42d1a32101591789643de69ed55587968a676d11018bb085696482
[Logging] LogPath: value empty	c8d5b83fd0b00acc09b960fd616f53be86c805d21ef169635491cf8810e2eefb
[Logging] LogPath: value space	db54c096504b56d1f2994d0f4b1f028640298a213794ff08846c415393c3dfa2
[Logging] LogPath: value ""	27e54e81af2a52d127c3a3c81b9a74030f784a422774dfe9b9c349e9cf65ee8b
[Logging] LogPath: value abc	6ef274db9cdfedf2e9e29aaccf03e90b62fa4539f62a67e702be2da2228ea012
[Logging] LogPath: value nan	84d9ba759c1bece74f6332a54c8a8d1e478325c98b59d7628c014adc432bf0eb
[Logging] LogPath: value inf	9dfa212037fdf539c0193b0802c1ddf0357aaf2acfba8fc8ddb9ea1ec37df3e4
[Logging] LogPath: value -inf	7f6317c2a3f8c03a3803c831235f8b7c30d063deecdf4864e6647eaee21796bd
[Logging] LogPath: value 1e400	070c66d45eee899d9bb67886ac8a6cb1b79ca50eb408a96911f00f1191606f95
[Logging] LogPath: value 0,15	051b9ff973dc2c8ca6e2f02767db8a6e0d4ef3337e2a60cea846a9e9ce3ab19e
[Logging] LogPath: value 0x10	4d75f0bb5e5f17d1fcd8a33cd0c797f2e1690fb9e7342c36730cdab27ed41e38
[Logging] LogPath: value 010	68b2cd5edd5ec78bf3970263918bf358e125ce296599edad0e5f944d31bb19a3
[Logging] LogPath: value -1	8db9f6a42a7d4b2e014008185e133a183f1c546faad4c9e28932f2406fbfe4d4
[Logging] LogPath: value +1	637b7a94725f08e6407c5a0af69cdf4cf97ac7534d6676db692abcada6b657fd
[Logging] LogPath: value space then 1	27fb1ac006db542ddf11a3317422f3fc88c58253e14ff71e7e654f99a3fbb6ff
[Logging] LogPath: value 1 then space	91fc4268925582522576859c4e92d380b382c0fdfd680be580be426f9d2afb6d
[Logging] LogPath: value 1abc	3b68c4b8785d3453c63bfe9367111b7668fc4da693c6c41c19a2704dda6d76ea
[Logging] LogPath: value True	d7fbd022d65f30d79c97ae4a60937c4cdca6381f808af2d28ac46db5b02e9ce9
[Logging] LogPath: value TRUE	85c38b1b3ab85ff5cecdbe3f55d5ed486d918fac8d0f6a8f8c35ac64ef3c03dd
[Logging] LogPath: value tRue	7b381fa7ef029649bc5a4d01c9bc32238ec7d0fd68fcc2bd21ddf5834a704fe6
[Logging] LogPath: value yes	10318d5a9a191d3f2d951090f8495941736b3d5afedcedc50d2d454cd232e638
[Logging] LogPath: value on	a050b80824474de3bb049426753c9ae0b0351fabf140d92180b9f3bc3cadbcdf
[Logging] LogPath: value 2	96365fb6d7c8fbcfc095cefa0a6778cf565e879f358027f851cd1055cbd4b4a3
[Logging] LogPath: value 1100 characters	9760519e414f9d1424e1e93092ff86bf41289e88cfe1034335e808a3d65d4c26
[General] ToggleKey alternate, [General] EnableOnStartup removed	9f1598cce4e141dc376f632319e771a23f6a1f2ce085d02a5f5a2d332e77fe2c
[General] ToggleKey alternate, [General] EnableOnStartup invalid	aaf057cbb1de61752830cad6ab4c11790bb0aae624d4692ea7b3998acc313edd
[General] ToggleKey alternate, [Smoothing] RemoteSmoothing removed	67994b492b59b5ecee18a1481e58f2af45ee25321ea7488a18533d063e16909d
[General] ToggleKey alternate, [Smoothing] RemoteSmoothing invalid	c7f17736941f2bb4fd6f18390148181303d27c67bd8e9ba0c4939fb6c7689764
[General] ToggleKey alternate, [Position] LimitY removed	610a1e12af4ecbc065fe42d1c2ed7656bf1e0d0ba37e44a4cba1f73c2208870a
[General] ToggleKey alternate, [Position] LimitY invalid	282eff36bf60ad5c52ab05e95f04ee126a671f343ac7c9fc64b3d1d360b7d2f5
[General] ToggleKey alternate, [Position] LimitYDown removed	b51fc89ddb83ea998a63cfbb30e0cacbbbf1434f9091ff3288db9b9f03fd1f21
[General] ToggleKey alternate, [Position] LimitYDown invalid	54b483df8397fbea5ae402610d2b381306e2d78fd82832139d8c4a5d8e278c25
[General] ToggleKey alternate, [Logging] LogPath removed	8e5e6b5b24ddc50fde5c789fda22d5966a70010c64cc5e1dd8f3a5dfaa58b3c1
[General] ToggleKey alternate, [Logging] LogPath invalid	58285e50f6bf59d0fb4648640b5219006ecd92a9b315b9bc9cb09a1a67e5ca3c
[General] EnableOnStartup alternate, [General] ToggleKey removed	bd58dfd90bd4ac29921752fccbf96b87acea7cff3fc3dbed09d8bfb339c9e368
[General] EnableOnStartup alternate, [General] ToggleKey invalid	3a3816e9dade918361bc6f0dc425642aa7ad4fd203cd5107475a7406a0278f7d
[General] EnableOnStartup alternate, [Smoothing] RemoteSmoothing removed	ccf93a8a59eea074f31fbbc38f067f8ba734fdd083aed77d4a60200c272fe680
[General] EnableOnStartup alternate, [Smoothing] RemoteSmoothing invalid	99578b0eaaefc75d7bd4294db7392b04cca1e34fa2aa531b512874e84db682f9
[General] EnableOnStartup alternate, [Position] LimitY removed	7ea69fb3c092b9d2919259c483bd3a99db0b5ee2c9a6866477ed553db202bd3e
[General] EnableOnStartup alternate, [Position] LimitY invalid	efe4c6a098ef7c5ff88db1d039cd8fa5c4c159046170bb6eebc9ac8730c0adc4
[General] EnableOnStartup alternate, [Position] LimitYDown removed	df3f22da5bac6796a29e9a950949ad4e0d6d8d0e10f208a31f85141fb1d2b982
[General] EnableOnStartup alternate, [Position] LimitYDown invalid	7a8936d3f60f7c9cceaee67bc2508a108c7ef521492c2e487271521c085cc8ea
[General] EnableOnStartup alternate, [Logging] LogPath removed	a77df2f5e522d4c4b6d90df980c3946a21b976548d563513376729dd8d856e5e
[General] EnableOnStartup alternate, [Logging] LogPath invalid	328a5c301758f72cb2ac4bfe15f860795bf3b3f3fac15f2d432aefad0de8c91f
[Smoothing] RemoteSmoothing alternate, [General] ToggleKey removed	044288cbb5dfacd965d0eeec24f632b6182b8780c91e4c52b8ad631d09a65aab
[Smoothing] RemoteSmoothing alternate, [General] ToggleKey invalid	16354a845a709af7133dc6bb7369b0d8e2411d72f7a949a83b911e3d22a33869
[Smoothing] RemoteSmoothing alternate, [General] EnableOnStartup removed	f9811b9a346abc40a426161408b5fdfa85ee662f2374b79657d3faef2eaa361c
[Smoothing] RemoteSmoothing alternate, [General] EnableOnStartup invalid	bc196905318c5fa0daa4ab36e2586815a990761178384be52f4dd2dfeb5faa4b
[Smoothing] RemoteSmoothing alternate, [Position] LimitY removed	c04128ea20183804001b9d61261a609e65a1b2cef560b863ee8c08511d43e1f9
[Smoothing] RemoteSmoothing alternate, [Position] LimitY invalid	565adde41e694847ce810faeb0d8918e9f6950dd74da7677bc4e60df25d6d940
[Smoothing] RemoteSmoothing alternate, [Position] LimitYDown removed	e7cb6d30245fbcbb726282e7710e5eb1728d22726e6554b774ceaa038a1c43ca
[Smoothing] RemoteSmoothing alternate, [Position] LimitYDown invalid	dbb33fae19274f07d753cc5c55d217ff8fa0f547c1e8e51c50f48996fe31fa84
[Smoothing] RemoteSmoothing alternate, [Logging] LogPath removed	f2fb17adf9276ed448818dcb3509ec2c520cb1aa8dbfe684e230c2e4c76b28ce
[Smoothing] RemoteSmoothing alternate, [Logging] LogPath invalid	d4d6622e2d378c7559e611dffe9b7c993b8ec02800ad75ed8ef30efb58740554
[Position] LimitY alternate, [General] ToggleKey removed	c8f2de7e6b8d8a1536d3a0925cb01fc27c20cdec3026ef2b4dbdad4d72c3e6f1
[Position] LimitY alternate, [General] ToggleKey invalid	798d65f49c617c483cdd82c3a4aede425852bf286c80dfef88945803fe375dca
[Position] LimitY alternate, [General] EnableOnStartup removed	3a07722a9b686a249b8beb8e9c526687fd65f390d759b98cf74b928c3ec1f1af
[Position] LimitY alternate, [General] EnableOnStartup invalid	9626fb35269984932151e21f2d3be6c319f16eaf64bbc1b8338ba767bd055768
[Position] LimitY alternate, [Smoothing] RemoteSmoothing removed	ce50d10d6e6518bfc52ccbc8a278a88933e2a8b65b935e2b064589997f4dac6e
[Position] LimitY alternate, [Smoothing] RemoteSmoothing invalid	470575e05f6e8e7b62ad9596a145af17c62fcfb70a8455eb07dd2f8880fec55e
[Position] LimitY alternate, [Position] LimitYDown removed	4360051f994586497272464a99214e20ab6af3782f645e8c5e3d0b320a4c846b
[Position] LimitY alternate, [Position] LimitYDown invalid	e9fcf68341350972e7b6a427386bdaee884fcf225d257d47f684af6e20e86553
[Position] LimitY alternate, [Logging] LogPath removed	68dd1b1403cc5f40ad30d175d1e29d24c1fcefcd0f23dc663069dddc7cf47b01
[Position] LimitY alternate, [Logging] LogPath invalid	ef64f8de5ca72bd4192a6c7a3eb83ce74e868ca9e3f6e028750ac4f5f44ddb64
[Position] LimitYDown alternate, [General] ToggleKey removed	6a630641bfa7673a219ec2507f5bf54ac4d44abe7a83b330398c8e94cf964ba2
[Position] LimitYDown alternate, [General] ToggleKey invalid	035c4ecdf545bb58219d8fb51cde84043272239c36d1483223951209a3f09d52
[Position] LimitYDown alternate, [General] EnableOnStartup removed	ea0f2df80c38ed1f26a4caea0282959fe8ba5f9fcfebf934f0838ceaeecf0a9e
[Position] LimitYDown alternate, [General] EnableOnStartup invalid	d8126197ccbeb4b99ca61ecea4a4863ef430096624c9eb1d742834d6971bf665
[Position] LimitYDown alternate, [Smoothing] RemoteSmoothing removed	553e574e8af3394fa5698dcf8a3b6581845a339b960eec70cef2175be8b1423e
[Position] LimitYDown alternate, [Smoothing] RemoteSmoothing invalid	24779188651ec08c717d672592b5f777b3cc008ce55ff8bd460637dabaf442f2
[Position] LimitYDown alternate, [Position] LimitY removed	9e8268ee0cf4d6412fd30a5ab189fedfc6c0feaf4a9d055b58f0aea930a7e672
[Position] LimitYDown alternate, [Position] LimitY invalid	f7289aafc0435bed47be9b41660d7543d94ebf97d43b788a70857efc834ef92d
[Position] LimitYDown alternate, [Logging] LogPath removed	d8ea1787256ce6cee47b09d8142214008663c5fff8eac9b4cc2e73fcb092a013
[Position] LimitYDown alternate, [Logging] LogPath invalid	6ef274db9cdfedf2e9e29aaccf03e90b62fa4539f62a67e702be2da2228ea012
[Logging] LogPath alternate, [General] ToggleKey removed	6a630641bfa7673a219ec2507f5bf54ac4d44abe7a83b330398c8e94cf964ba2
[Logging] LogPath alternate, [General] ToggleKey invalid	035c4ecdf545bb58219d8fb51cde84043272239c36d1483223951209a3f09d52
[Logging] LogPath alternate, [General] EnableOnStartup removed	ea0f2df80c38ed1f26a4caea0282959fe8ba5f9fcfebf934f0838ceaeecf0a9e
[Logging] LogPath alternate, [General] EnableOnStartup invalid	d8126197ccbeb4b99ca61ecea4a4863ef430096624c9eb1d742834d6971bf665
[Logging] LogPath alternate, [Smoothing] RemoteSmoothing removed	553e574e8af3394fa5698dcf8a3b6581845a339b960eec70cef2175be8b1423e
[Logging] LogPath alternate, [Smoothing] RemoteSmoothing invalid	24779188651ec08c717d672592b5f777b3cc008ce55ff8bd460637dabaf442f2
[Logging] LogPath alternate, [Position] LimitY removed	9e8268ee0cf4d6412fd30a5ab189fedfc6c0feaf4a9d055b58f0aea930a7e672
[Logging] LogPath alternate, [Position] LimitY invalid	f7289aafc0435bed47be9b41660d7543d94ebf97d43b788a70857efc834ef92d
[Logging] LogPath alternate, [Position] LimitYDown removed	b8029e7fe924958d7757555f9251cda853cc6c32db09f362c145f2977a8479c1
[Logging] LogPath alternate, [Position] LimitYDown invalid	d44a6429d749b286e646a4f941c6e46e774b7317295026e03583aee928c4d393
[General]: header with spaces	5219c3b88805b3929eb9a2bdc14a1e07b9328eefafc08fbebbdf98d0e64b45b8
[General]: header with a comment	68ea13423e174de4b071712e8a3d01f4ecf65464e66427e2230fa2ee2fcbdd3f
[General]: header not closed	bf32a991a689abaefebfc1d74a9c86fe5d19646bb819c638e54ff773b3db4793
[General]: section repeated	3f3a9c7d71ffe1e6e08c55646107fb74115974a3acbd44936d011ae6f950606a
[Smoothing]: header with spaces	58048b8e2e5ef1882bf89e28e51ae1e3bc812aa35f31824011b9c71f7c567582
[Smoothing]: header with a comment	533f566870cf692c4396752be86a1e6a84bde0019ab52fd7b7c261fd91e7ac12
[Smoothing]: header not closed	07cd844d6c835c3eabbed5ddbac975b7a70ab5f9302929fbb1c903bfa943bbaf
[Smoothing]: section repeated	82cab5c7291f2bbd3f3ea6e41579ddab249f26bd8d602b5d337d608e734352ff
[Position]: header with spaces	c627f54dbcbccaa9c0df509a70afdf09fce892632452586181f0d3bf2f1e60af
[Position]: header with a comment	80fa0bb625220417f6ac40c6056dc641d23b7dbe669aae818e9d6fb3da416e7d
[Position]: header not closed	5568aa73b6534cdc558a88cbd8a7c7b34b78c21cad189b743a92ad84ae417298
[Position]: section repeated	70e3ff11333bd886f67df258e8463ae7104d431a2a77fc656983b48c03dba15a
[Logging]: header with spaces	6361e89f8693045d2cd0ca0e5139daf8eabb68e2911091a9f7d4b7066f40c3fa
[Logging]: header with a comment	0a431f2b7838127f9ebd46fe6670a8c2c4e50d7336699670aa429f977f56c306
[Logging]: header not closed	23501a1d8f40ec45f71efa173fd8d40bb24b5c80a68a538d8ce06468f66a3040
[Logging]: section repeated	496ee887b1a58fac41acc5e7d5e944db7b9184cde253d4adf0e7a5ef79fd65af
file: UTF-8 mark before a header	428928b0cab623ab0217d0f5e000ff9af0c8e39993e97e194f6a408a551f6513
file: UTF-8 mark before a comment	a7ab52bde5e3c69df4e96cda05a67cb5c0af32655d3a964b71a3c878af2c98ae
file: CRLF	7a9fee922840da9b960119ac27f5a8d3db804fd32e21bd97b5f785b59f376d2f
file: LF	fa0b7d27a4e7726d9e7bad35c75e1341fb56f413a3c84a46742c4b91905007ff
file: lone CR	3404ef13c285bea4c6af3a2f2a042386a1e516bff71b579b854baf1f3663d856
file: mixed line endings	513059d82fbbfffa208835a259d9bfb35f221367c8cc1d134112a30b815b1f40
file: no final newline	41bfd70c694391c6accf0a99aedc2d065c6a795cabcac8408e50290cc7b904a6
file: CRLF, a 199-character line	be9f24c100212ea5f42573a6184c8bc298302a0b2846c0a9d9ecd10a45589576
file: CRLF, a 200-character line	1f91a2f1b92806c173cdfcdd136447a5c8c04298d4000e53518a53ab5dd3697f
file: CRLF, a 254-character line	b4dbd72cb18b989d223d32c33239f6cec4a2d54604bb5983f587b340b8cccf5e
file: CRLF, a 255-character line	cc6f7afb48948c15a16c083081ff786af53473851ad87a3ddd926ac7f256c02f
file: 0x1A byte	d4082672ce37b6eaba8830b7332b97cfb1c13f23d710ad694f8be9edd0f4d9b4
file: NUL byte	d7f6b964d26527658963457942bed578252eeb3459c61a3bb913c7dc07e0efde
file: trailing NUL padding	86b424d7a7393b63c2c558afcb05383fb585c0163d0c626b267cac6bd1cad1e2
file: tab separators	19336d4496c539e7acc5f0fd85ffde5191dc6fb7bcbd1a0aa8d7efac8ec470d3
file: #Key= lines	63ac141e9102e793f8562461225720110ec56f2b7702514d6316bc3bf482bd5f
file: ;Key= lines	6954ab39619b5dd8c0745c905853514671fadd1aaf9ec6e008f0e6b8fc35a192
file: indented continuation lines	97b8fd0c3349e6e6d2022bd4f0adbdccf3716a68e9b5ab476d2e490ef06adb80
file: UTF-16 LE with a mark	add4aea8d106da11868cbef5184a777bb6c057604bda121092f50e0aef33a94c
file: cp1252 byte in a comment	930aa9747cca290225c117f2078c97784ceeda02635f473b5019259827722daf
file: cp1252 byte in a value	88e83954c521e84338531d3e8de4c54379851ebfdd9f97597805fb90396a3292
