# An empty file reads every row as its default, the hotkeys at their canonical lists.
field	UdpPort	4242
field	EnableOnStartup	true
field	LocalSmoothing	0.0
field	RemoteSmoothing	0.15
field	WorldSpaceYaw	true
field	RotationEnabled	true
field	DataFreshnessMs	500
field	PositionEnabled	true
field	TrueFreeLook	false
field	FreeLookMarker	false
field	StockSights	false
field	PositionLimitX	0.3
field	PositionLimitY	0.2
field	PositionLimitYDown	0.2
field	PositionLimitZ	0.4
field	PositionLimitZBack	0.1
field	CollisionEnabled	true
field	CollisionMargin	0.1
field	CollisionChannel	0
field	CollisionReleaseSmoothing	0.9
field	ToggleKey	End, Ctrl+Shift+Y
field	CycleTrackingModeKey	PageUp, Ctrl+Shift+G
field	YawModeKey	PageDown, Ctrl+Shift+H
field	TrueFreeLookKey	Insert, Ctrl+Shift+U
field	LightMultiplier	1.5
field	PositionLocalSmoothing	0.0
field	PositionRemoteSmoothing	0.15
